dataset,model,calibration,shift,severity,accuracy,mean_confidence,confidence_gap,ece,brier,nll,aurc,accuracy_ci95,mean_confidence_ci95,confidence_gap_ci95,ece_ci95,brier_ci95,nll_ci95,aurc_ci95
Breast Cancer,Gradient Boosting,Raw,Feature masking,0.0,0.9631578947368421,0.9743644698264833,0.011206575089641135,0.030698476447568894,0.05781730889485533,0.11260735392998836,0.004548380065314975,0.006786100311751666,0.0029627782613908284,0.0070472604584928406,0.004723640801477769,0.00885390316045345,0.021665431447546152,0.001801542834689713
Breast Cancer,Gradient Boosting,Raw,Feature masking,0.1,0.9592105263157894,0.9684447627142794,0.009234236398489887,0.03345816706690583,0.06300313896923873,0.12320608577920815,0.006050675349558318,0.007512390072447378,0.002630375294073819,0.0066237841453883955,0.004401662952449465,0.01006456264184498,0.023378571108563864,0.0022193937057996237
Breast Cancer,Gradient Boosting,Raw,Feature masking,0.2,0.9464912280701754,0.9618231007740741,0.015331872703898663,0.03718048981011703,0.07699865000643698,0.14284122952822859,0.008213472589998189,0.008542025054206804,0.003517814106638055,0.007893313506676282,0.006142658859113302,0.012646076028869649,0.02751860060738206,0.0030938129017282355
Breast Cancer,Gradient Boosting,Raw,Feature masking,0.3,0.9421052631578947,0.951774955473684,0.00966969231578919,0.039367867816502956,0.08703704721566205,0.1600404509214104,0.010010025056425554,0.009531929972755992,0.004813756043642928,0.008271567943899948,0.005071376010827888,0.012643679385550798,0.02422670729870022,0.002821391894932533
Breast Cancer,Gradient Boosting,Raw,Feature masking,0.4,0.9333333333333333,0.937460127264137,0.004126793930803585,0.04605449952411903,0.10469041679690398,0.1912471441030425,0.014821279827735628,0.01008702956411942,0.006005118966094333,0.01139193509037777,0.007808085719035839,0.0171706852631164,0.03440012802058228,0.005028063463766689
Breast Cancer,Gradient Boosting,Raw,Feature masking,0.5,0.9105263157894736,0.9200575149440825,0.009531199154608826,0.06021700508984902,0.13779922967437647,0.23606629327841597,0.02168373038188109,0.016762287781949426,0.005840152808343855,0.014896712298156643,0.00789040096526308,0.02218936089155103,0.03542988440945557,0.005925379998728528
Breast Cancer,Gradient Boosting,Raw,Gaussian noise,0.0,0.9631578947368421,0.9743644698264833,0.011206575089641135,0.030698476447568894,0.05781730889485533,0.11260735392998836,0.004548380065314975,0.006786100311751666,0.0029627782613908284,0.0070472604584928406,0.004723640801477769,0.00885390316045345,0.021665431447546152,0.001801542834689713
Breast Cancer,Gradient Boosting,Raw,Gaussian noise,0.25,0.9543859649122807,0.9689871994610311,0.014601234548750397,0.03573819330573671,0.06782347007693065,0.12055441834614852,0.004966464899924348,0.0075459680534077965,0.0034706902564774493,0.007347500827220446,0.004447888178151171,0.010323362232094754,0.02110312260517095,0.0018095864651852362
Breast Cancer,Gradient Boosting,Raw,Gaussian noise,0.5,0.9368421052631579,0.9485697707594329,0.01172766549627508,0.04241402230512414,0.09827840925993292,0.17482282455513018,0.011582297048158231,0.007849138863659243,0.004355680262204441,0.008984711788204126,0.005860342523121241,0.011704222476426874,0.022702713405467253,0.0035426922132949057
Breast Cancer,Gradient Boosting,Raw,Gaussian noise,1.0,0.8570175438596491,0.9039552807763716,0.04693773691672247,0.07986116786721331,0.21186614019628594,0.3496033496899216,0.04425854933304747,0.01578229240611763,0.005990263666880153,0.016230684501934507,0.013530624538665973,0.027461747655189266,0.04861940556737024,0.011064350295468468
Breast Cancer,Gradient Boosting,Raw,Gaussian noise,1.5,0.7736842105263158,0.8706156101271427,0.09693139960082697,0.11521844288232737,0.3153485179534759,0.5071790850277602,0.09499422945398053,0.01978471223570932,0.0074612175485668205,0.02196971278710839,0.019748043914517628,0.028844988073219363,0.050956822533026566,0.014935340098471028
Breast Cancer,Gradient Boosting,Raw,Gaussian noise,2.0,0.7293859649122807,0.8556529402855132,0.12626697537323245,0.1539773086685659,0.3909439426291281,0.6359335711902891,0.14589460456486883,0.022770668882537263,0.007114926525819059,0.023955589074279523,0.018058568922982136,0.03189530851893147,0.052391287623138834,0.016924253857087068
Breast Cancer,Gradient Boosting,Temperature scaled,Feature masking,0.0,0.9631578947368421,0.9629851645959739,-0.0001727301408680604,0.03451857904025939,0.057816048731678074,0.11349010621584968,0.004548380065314975,0.006786100311751666,0.006180795997701155,0.00893245337141921,0.004419008727827333,0.008169162185094864,0.020220267868004616,0.001801542834689713
Breast Cancer,Gradient Boosting,Temperature scaled,Feature masking,0.1,0.9592105263157894,0.9548225022823486,-0.004388024033440852,0.03636533299689364,0.0635285157330325,0.12594898894953152,0.006050675349558318,0.007512390072447378,0.00724422656270438,0.00956037578872907,0.00494263464228839,0.009388132912619538,0.022296982494931606,0.0022193937057996237
Breast Cancer,Gradient Boosting,Temperature scaled,Feature masking,0.2,0.9464912280701754,0.9451901320302202,-0.0013010960399551686,0.03880855111671198,0.07793602597386282,0.14733288919280613,0.008213472589998189,0.008542025054206804,0.007801805611237113,0.01204295685645275,0.00781797626130317,0.012250715297865379,0.027987085668657326,0.0030938129017282355
Breast Cancer,Gradient Boosting,Temperature scaled,Feature masking,0.3,0.9421052631578947,0.9326539173161876,-0.009451345841707126,0.04882728925303609,0.08917318779612557,0.1675874238348714,0.010010025056425554,0.009531929972755992,0.00990213532066502,0.013114331282964319,0.007566716551785106,0.012667138889869325,0.027208139261188927,0.002821391894932533
Breast Cancer,Gradient Boosting,Temperature scaled,Feature masking,0.4,0.9333333333333333,0.916176377955814,-0.017156955377519302,0.055867242471941435,0.10730102814762318,0.19861159049569926,0.014821279827735628,0.01008702956411942,0.009403692973630954,0.014627001254992316,0.00768197506736027,0.01594971633975265,0.03332802209919156,0.005028063463766689
Breast Cancer,Gradient Boosting,Temperature scaled,Feature masking,0.5,0.9105263157894736,0.8955551864499031,-0.014971129339570672,0.06594755616848728,0.14073027715032776,0.24341393135542214,0.02168373038188109,0.016762287781949426,0.01133943505146985,0.02113847182533697,0.008284730786673501,0.02009835148238262,0.03063865155061801,0.005925379998728528
Breast Cancer,Gradient Boosting,Temperature scaled,Gaussian noise,0.0,0.9631578947368421,0.9629851645959739,-0.0001727301408680604,0.03451857904025939,0.057816048731678074,0.11349010621584968,0.004548380065314975,0.006786100311751666,0.006180795997701155,0.00893245337141921,0.004419008727827333,0.008169162185094864,0.020220267868004616,0.001801542834689713
Breast Cancer,Gradient Boosting,Temperature scaled,Gaussian noise,0.25,0.9543859649122807,0.9552712544186617,0.0008852895063810207,0.03810451611458887,0.06672914120671518,0.12280379070816258,0.004966464899924348,0.0075459680534077965,0.006627656771213293,0.008824940889907845,0.003928689456747837,0.00935761768672961,0.02119436813225381,0.0018095864651852362
Breast Cancer,Gradient Boosting,Temperature scaled,Gaussian noise,0.5,0.9368421052631579,0.9304559005861602,-0.006386204676997692,0.046799197133157236,0.09890639167836468,0.17617054794003362,0.011582297048158231,0.007849138863659243,0.010109620465154043,0.01180863002528812,0.005185590095374184,0.00994166643667168,0.017714730839886696,0.0035426922132949057
Breast Cancer,Gradient Boosting,Temperature scaled,Gaussian noise,1.0,0.8570175438596491,0.8789577497140403,0.02194020585439114,0.07916282792222562,0.2070697969983752,0.33914585354989113,0.04425854933304747,0.01578229240611763,0.010116738982277333,0.018750826112401885,0.012062827446402642,0.024888952707037233,0.04178748929422366,0.011064350295468468
Breast Cancer,Gradient Boosting,Temperature scaled,Gaussian noise,1.5,0.7736842105263158,0.8417321229057663,0.06804791237945054,0.0971716651682745,0.30309646485200425,0.4756755536789041,0.09499422945398053,0.01978471223570932,0.012312692123339748,0.020688981276473343,0.015640768057292427,0.02498722660833142,0.04055003940278045,0.014935340098471028
Breast Cancer,Gradient Boosting,Temperature scaled,Gaussian noise,2.0,0.7293859649122807,0.8254983040096127,0.09611233909733197,0.12539561234293412,0.376511295541938,0.5917786516757995,0.14589460456486883,0.022770668882537263,0.014347094902456088,0.024535200080253724,0.01964481368009989,0.02937007203801169,0.04985323069669727,0.016924253857087068
Breast Cancer,Logistic Regression,Raw,Feature masking,0.0,0.974561403508772,0.967858768436965,-0.006702635071806989,0.02966931502496959,0.040100479956364996,0.07474975365174073,0.002205406512083294,0.005837091174298344,0.0031597195133449053,0.005793869820809144,0.0023817210674262476,0.006747729494197369,0.012523116070379722,0.0009516052086194179
Breast Cancer,Logistic Regression,Raw,Feature masking,0.1,0.9719298245614034,0.9611969430806429,-0.010732881480760592,0.032211023386015884,0.045669249954701736,0.08443938468565809,0.0026865763222658967,0.007849138863659236,0.0033026383640505537,0.006741412717127599,0.0029580891052734723,0.007742289103892951,0.012893143430940921,0.0010214063314162665
Breast Cancer,Logistic Regression,Raw,Feature masking,0.2,0.9618421052631578,0.9536245308484043,-0.008217574414753532,0.03686994824822013,0.05668308421971804,0.10193300901464826,0.0039218986228336,0.0073023585168516545,0.003144674896723323,0.006956508567105897,0.005067643033321221,0.008490970867792831,0.015312381071929528,0.0016518873773572326
Breast Cancer,Logistic Regression,Raw,Feature masking,0.3,0.9609649122807017,0.9414649062322846,-0.0195000060484171,0.04271006475558316,0.061378821443851664,0.11244999771062199,0.004410645754642277,0.0071080258641807725,0.003960958475891467,0.0072203547844058875,0.005196830538575103,0.008615568941493328,0.014283364916298698,0.0016615429048418603
Breast Cancer,Logistic Regression,Raw,Feature masking,0.4,0.9513157894736842,0.9314315400098184,-0.01988424946386581,0.05079316557345548,0.07451458352997037,0.1304992993171002,0.005390436790053575,0.008861608991238145,0.005186536601504953,0.010676647365515431,0.00640526385024069,0.00933453786766027,0.013819616560058097,0.0020344509346343805
Breast Cancer,Logistic Regression,Raw,Feature masking,0.5,0.9425438596491228,0.9140549756632967,-0.02848888398582595,0.05721287021998295,0.09119052075476061,0.16176336984160455,0.008858426521674675,0.010764148373988204,0.006059214538794727,0.011824649494485008,0.0067321845412149535,0.009816708951520368,0.014450199144213726,0.0026401524247802784
Breast Cancer,Logistic Regression,Raw,Gaussian noise,0.0,0.974561403508772,0.967858768436965,-0.006702635071806989,0.02966931502496959,0.040100479956364996,0.07474975365174073,0.002205406512083294,0.005837091174298344,0.0031597195133449053,0.005793869820809144,0.0023817210674262476,0.006747729494197369,0.012523116070379722,0.0009516052086194179
Breast Cancer,Logistic Regression,Raw,Gaussian noise,0.25,0.968859649122807,0.9666210629531682,-0.0022385861696388788,0.03192738595455326,0.047952448114890175,0.08272103496290377,0.0023984794576001897,0.006771756393130796,0.0031937522250539583,0.006604898946496993,0.0029349171161979788,0.008281514699846493,0.013198280399609515,0.0008576649409418579
Breast Cancer,Logistic Regression,Raw,Gaussian noise,0.5,0.9539473684210525,0.9630143485419259,0.009066980120873359,0.03849039346152666,0.06479062854372877,0.11005615383625134,0.0040509435614222876,0.007042056679569685,0.0032983729304132967,0.007320181782859771,0.004172352004963598,0.008488699942598472,0.015605250867357577,0.0012275459106436282
Breast Cancer,Logistic Regression,Raw,Gaussian noise,1.0,0.9228070175438596,0.9555430376959897,0.03273602015213018,0.058793412469743386,0.12298272139374473,0.22675271908081931,0.014121169691635899,0.010255285787757737,0.004913544417718455,0.008492028619887862,0.00660614964574008,0.015176527245667296,0.035813766398238474,0.0037001268188865313
Breast Cancer,Logistic Regression,Raw,Gaussian noise,1.5,0.8675438596491227,0.9517030033559004,0.08415914370677766,0.10434401684064962,0.2152838284492154,0.48538938356392,0.03766274755322845,0.010278016408450689,0.004486630539367683,0.009891193530785786,0.012039382757434198,0.02233753435648328,0.07353755585034201,0.006832478770445158
Breast Cancer,Logistic Regression,Raw,Gaussian noise,2.0,0.8149122807017545,0.9551314036590494,0.14021912295729505,0.15683475753623194,0.3194096991118897,0.8871474615702487,0.07010200766691434,0.015772431553917148,0.004731793073439786,0.015439544176262717,0.01229982277869166,0.025186833148966477,0.09796799319406935,0.008947794894989812
Breast Cancer,Logistic Regression,Temperature scaled,Feature masking,0.0,0.974561403508772,0.9724786389184432,-0.0020827645903286228,0.0301286543783335,0.04100614111347379,0.08174262615427785,0.002205406512083294,0.005837091174298344,0.005882980300464974,0.00798186429103362,0.003870418122996555,0.00693671833980729,0.015723942749653972,0.0009516052086194179
Breast Cancer,Logistic Regression,Temperature scaled,Feature masking,0.1,0.9719298245614034,0.9671629484908302,-0.004766876070573317,0.031149046968756457,0.046191985757086815,0.09718074662189005,0.0026865763222658967,0.007849138863659236,0.00724965926215657,0.010065777033563076,0.004476901983981755,0.008119468407306497,0.02365786892622729,0.0010214063314162665
Breast Cancer,Logistic Regression,Temperature scaled,Feature masking,0.2,0.9618421052631578,0.9607300086933636,-0.0011120965697943518,0.03922118576517917,0.057765041471555735,0.115089889621621,0.0039218986228336,0.0073023585168516545,0.008591606039789252,0.010717216142347217,0.0047291522987484985,0.008543272126921285,0.020593565263557462,0.0016518873773572326
Breast Cancer,Logistic Regression,Temperature scaled,Feature masking,0.3,0.9609649122807017,0.9499003088202562,-0.011064603460445539,0.043075189150009685,0.06263592509326427,0.11755502882044326,0.004410645754642277,0.0071080258641807725,0.01025043725340203,0.01309813928921108,0.006376219772979956,0.009197713576178634,0.017163015465274507,0.0016615429048418603
Breast Cancer,Logistic Regression,Temperature scaled,Feature masking,0.4,0.9513157894736842,0.9424793838696702,-0.00883640560401397,0.04945739642778274,0.07513592748005754,0.13579715415502902,0.005390436790053575,0.008861608991238145,0.011177300823125354,0.01377585463807195,0.008101822737492435,0.011424356284417793,0.02117166557458932,0.0020344509346343805
Breast Cancer,Logistic Regression,Temperature scaled,Feature masking,0.5,0.9425438596491228,0.9268026388510135,-0.015741220798109246,0.0554700408975257,0.0920235650992525,0.17504836413895491,0.008858426521674675,0.010764148373988204,0.014967849999761883,0.018460672818489062,0.008510475976645044,0.012424407622882909,0.03405223384586931,0.0026401524247802784
Breast Cancer,Logistic Regression,Temperature scaled,Gaussian noise,0.0,0.974561403508772,0.9724786389184432,-0.0020827645903286228,0.0301286543783335,0.04100614111347379,0.08174262615427785,0.002205406512083294,0.005837091174298344,0.005882980300464974,0.00798186429103362,0.003870418122996555,0.00693671833980729,0.015723942749653972,0.0009516052086194179
Breast Cancer,Logistic Regression,Temperature scaled,Gaussian noise,0.25,0.968859649122807,0.9719064886811932,0.003046839558386155,0.032749543471236514,0.0490620071215221,0.09290198675599731,0.0023984794576001897,0.006771756393130796,0.005834741760392949,0.008460618228811017,0.005154954410883567,0.009065441532172891,0.017348755634693864,0.0008576649409418579
Breast Cancer,Logistic Regression,Temperature scaled,Gaussian noise,0.5,0.9539473684210525,0.9679497747875413,0.014002406366488623,0.03851390483949203,0.0670140247959923,0.12399968668238685,0.0040509435614222876,0.007042056679569685,0.006942611324268185,0.008105096447585464,0.0035846551447609957,0.00852261811186086,0.016753348269944533,0.0012275459106436282
Breast Cancer,Logistic Regression,Temperature scaled,Gaussian noise,1.0,0.9228070175438596,0.961611713732111,0.038804696188251366,0.06330882697113482,0.12819250067043458,0.3230495046626488,0.014121169691635899,0.010255285787757737,0.009531247667952993,0.01388036030493108,0.009073591734627245,0.017214040512239757,0.09471394176284303,0.0037001268188865313
Breast Cancer,Logistic Regression,Temperature scaled,Gaussian noise,1.5,0.8675438596491227,0.95795222517299,0.0904083655238672,0.10948286749954503,0.2212096040899257,0.6825865041452186,0.039519962044073764,0.010278016408450689,0.009052581638139327,0.012398171600915516,0.010051908639165608,0.022084930971833436,0.2094137091887588,0.008889828154246071
Breast Cancer,Logistic Regression,Temperature scaled,Gaussian noise,2.0,0.8149122807017545,0.9625209346618023,0.14760865396004796,0.16188373418119192,0.32586957409800166,1.2372885117656263,0.07312603319889369,0.015772431553917148,0.007700252829101459,0.016949496364645527,0.014356268844231404,0.028259429919366894,0.31272314367507537,0.010922538164355155
Breast Cancer,Random Forest,Raw,Feature masking,0.0,0.9526315789473683,0.9349842244497776,-0.01764735449759085,0.04758619465331351,0.07179220987052112,0.1388635665957674,0.006234070997658913,0.008496369863283025,0.003575464299925876,0.009442496509498313,0.00421664883537411,0.009253173598113482,0.02758355792457814,0.0021383392721680667
Breast Cancer,Random Forest,Raw,Feature masking,0.1,0.9530701754385964,0.9082299094958806,-0.04484026594271594,0.06385846560852175,0.08013271729903684,0.15482380607379115,0.008452135831689156,0.0076152338734008,0.005000345901182399,0.00943182831494442,0.006929605580912215,0.009239622511162483,0.01344683155831842,0.00300493152613895
Breast Cancer,Random Forest,Raw,Feature masking,0.2,0.9464912280701754,0.8811932094123932,-0.06529801865778224,0.0844905360623979,0.09200415381280361,0.18177078323632787,0.009821237588964065,0.009813405485175437,0.0061357584202548976,0.011445645688093219,0.006634968116599007,0.00874235821065527,0.012118550166719137,0.0034961253800434118
Breast Cancer,Random Forest,Raw,Feature masking,0.3,0.9460526315789475,0.8533989919242512,-0.09265363965469622,0.10646683792815766,0.10767649503327985,0.2131223488765141,0.01076700496062398,0.010456223236144868,0.006727504230459752,0.013701386798911199,0.010073543441363157,0.00816034970813508,0.010641680776988226,0.0038444686628557176
Breast Cancer,Random Forest,Raw,Feature masking,0.4,0.9359649122807017,0.8183985540239466,-0.11756635825675517,0.12721469994430737,0.13227865991218565,0.25491939803444474,0.01382683458178125,0.012908303112918969,0.006185588475316995,0.014782365162859554,0.010641301549376161,0.008913466345331288,0.010402399354993052,0.00414569425912729
Breast Cancer,Random Forest,Raw,Feature masking,0.5,0.9245614035087719,0.7869006780840987,-0.1376607254246732,0.14627198273461475,0.16017817489596126,0.2971379856977332,0.017793243442835623,0.010539585357277049,0.007195099291751527,0.013642632276886557,0.013411627711361703,0.008280969899732047,0.010348888514670331,0.005816150723046043
Breast Cancer,Random Forest,Raw,Gaussian noise,0.0,0.9526315789473683,0.9349842244497776,-0.01764735449759085,0.04758619465331351,0.07179220987052112,0.1388635665957674,0.006234070997658913,0.008496369863283025,0.0035754642999258814,0.009442496509498315,0.004216648835374113,0.009253173598113482,0.02758355792457814,0.0021383392721680667
Breast Cancer,Random Forest,Raw,Gaussian noise,0.25,0.9473684210526315,0.9068643281814632,-0.04050409287116828,0.06378114522427326,0.0825920548411085,0.15046083836420654,0.006164985710523599,0.010209672726439129,0.004561116685508569,0.010378208138833521,0.006953293614839899,0.008481462045096281,0.010727281391110888,0.0018484890488110433
Breast Cancer,Random Forest,Raw,Gaussian noise,0.5,0.9429824561403508,0.8472470753271837,-0.0957353808131672,0.10596046574772582,0.11413703126284627,0.2137831730090441,0.008338600551576428,0.00954008738115759,0.004460294821409612,0.011040831827183925,0.010174964973278857,0.006786022830643463,0.00814715187117712,0.002213586266663208
Breast Cancer,Random Forest,Raw,Gaussian noise,1.0,0.881578947368421,0.7440011299081019,-0.1375778174603192,0.14909187761069514,0.2128905836298219,0.3594834037273899,0.027795912349390255,0.015403142788493267,0.007184730432951714,0.013508802978251824,0.012020086902783698,0.011927985427170402,0.014680597150239567,0.006641509831143914
Breast Cancer,Random Forest,Raw,Gaussian noise,1.5,0.825,0.6858345391255918,-0.13916546087440823,0.15480555973266497,0.29017305966294926,0.45798478467971543,0.06335794517733499,0.016569752246418865,0.005996273901927262,0.016309773503796688,0.013213577125000599,0.011178638995223353,0.012924108249983728,0.009771032574087634
Breast Cancer,Random Forest,Raw,Gaussian noise,2.0,0.7578947368421052,0.6627475988582567,-0.09514713798384851,0.1312683966861598,0.3452188449749661,0.5217893990453786,0.11441852563107488,0.02891500359212045,0.005546364415078294,0.030026623363879842,0.020992831916799126,0.013395230669900013,0.014122656921259061,0.017148518568661418
Breast Cancer,Random Forest,Temperature scaled,Feature masking,0.0,0.9526315789473683,0.949178937712395,-0.003452641234973397,0.045035272051251886,0.0726685315382258,0.16064588625439644,0.006234070997658913,0.008496369863283025,0.011340502724239117,0.014433017571645591,0.007295758624192895,0.011322691228484632,0.05324629805068399,0.0021383392721680667
Breast Cancer,Random Forest,Temperature scaled,Feature masking,0.1,0.9530701754385964,0.9299347238469441,-0.02313545159165245,0.054764578757731,0.0787207312777993,0.1681636113535482,0.008452135831689156,0.0076152338734008,0.015841267805647846,0.017361177560947814,0.012066027282377927,0.012014035917108663,0.05047369430875659,0.00300493152613895
Breast Cancer,Random Forest,Temperature scaled,Feature masking,0.2,0.9464912280701754,0.9100550638965406,-0.03643616417363485,0.06886190693892995,0.08937965490510069,0.18667274832695818,0.009816309538500828,0.009813405485175437,0.019816046071046933,0.02367383124595314,0.015301115475106061,0.013696972365662499,0.04841207294298185,0.0034932060954744404
Breast Cancer,Random Forest,Temperature scaled,Feature masking,0.3,0.9460526315789475,0.8899815880650515,-0.05607104351389589,0.08487177708286742,0.10051518709492875,0.2062014913470073,0.01076700496062398,0.010456223236144868,0.024225709498813995,0.0278150561331323,0.019024614230238632,0.014736602623169146,0.04307988197811938,0.0038444686628557176
Breast Cancer,Random Forest,Temperature scaled,Feature masking,0.4,0.9359649122807017,0.8613888615288549,-0.074576050751847,0.10187869197919938,0.12080571553435886,0.23277240827637677,0.013811170421380248,0.012908303112918969,0.0263069822184892,0.03160819283439379,0.021322206359886697,0.016829894629173125,0.03190404198918231,0.004138755119223396
Breast Cancer,Random Forest,Temperature scaled,Feature masking,0.5,0.9245614035087719,0.8328045600247866,-0.09175684348398523,0.11864308129868908,0.14491783563667598,0.27433652178250567,0.01780417966441157,0.010539585357277049,0.028328530682514046,0.03186245566886576,0.02433114046605843,0.015406226762096067,0.033222307318877056,0.005820355411881143
Breast Cancer,Random Forest,Temperature scaled,Gaussian noise,0.0,0.9526315789473683,0.949178937712395,-0.003452641234973397,0.045035272051251886,0.0726685315382258,0.16064588625439644,0.006234070997658913,0.008496369863283025,0.01134050272423912,0.014433017571645591,0.007295758624192895,0.011322691228484632,0.053246298050683996,0.0021383392721680667
Breast Cancer,Random Forest,Temperature scaled,Gaussian noise,0.25,0.9473684210526315,0.9269610045075798,-0.020407416545051786,0.059935498726154855,0.08274485917474658,0.1559657341316136,0.006164985710523599,0.010209672726439129,0.015604748870247126,0.019939496766982603,0.012581850866256966,0.012044422619356955,0.03539583010444265,0.0018484890488110433
Breast Cancer,Random Forest,Temperature scaled,Gaussian noise,0.5,0.9429824561403508,0.8806712797684384,-0.062311176371912504,0.08088518195912163,0.10379277836843077,0.19575442487577355,0.008338600551576428,0.00954008738115759,0.021943537103691863,0.021594719214362984,0.017132616028047793,0.013157795004054737,0.027043119319547528,0.002213586266663208
Breast Cancer,Random Forest,Temperature scaled,Gaussian noise,1.0,0.881578947368421,0.7900100644998458,-0.09156888286857516,0.12268151117848727,0.19666577989453535,0.3330852301360447,0.027795912349390255,0.015403142788493267,0.027297833594811832,0.03164802996591934,0.02199902759339047,0.017630435916989762,0.0271524531751515,0.006641509831143914
Breast Cancer,Random Forest,Temperature scaled,Gaussian noise,1.5,0.825,0.7324451561952698,-0.09255484380473014,0.12082356615012893,0.2719218568968678,0.427140996742958,0.06335794517733499,0.016569752246418865,0.02677185283588736,0.026708428881377987,0.02052331092845669,0.01688257503193714,0.023521202485288575,0.009771032574087634
Breast Cancer,Random Forest,Temperature scaled,Gaussian noise,2.0,0.7578947368421052,0.7083786673929551,-0.0495160694491502,0.12030287578305592,0.33966148421551734,0.5216746318873982,0.11441385971095544,0.02891500359212045,0.028026706514219665,0.040713741517788914,0.02002469588426134,0.023550160120766835,0.041623440704156724,0.017149704329235328
Digits,Gradient Boosting,Raw,Feature masking,0.0,0.9650000000000001,0.9580762174828937,-0.006923782517106197,0.02102624503527335,0.05190329531641367,0.11394696487916041,0.0020067543697429913,0.00395770688589641,0.0027652438653467033,0.003657826356380153,0.0022589119200723384,0.005223779978741524,0.011334599303995435,0.00038457252102396314
Digits,Gradient Boosting,Raw,Feature masking,0.1,0.9254166666666667,0.9134104517892799,-0.012006214877386656,0.03442439073260133,0.1126683442268519,0.2456658335996338,0.009483429880159325,0.008164517261005894,0.003916085647633022,0.006504759300213381,0.003553928794458495,0.01012068981413923,0.021384465679211612,0.0016611968185035143
Digits,Gradient Boosting,Raw,Feature masking,0.2,0.8609722222222222,0.8598098630184359,-0.0011623592037863673,0.04553786812818909,0.20475706876469618,0.446811812486283,0.029622344795979146,0.010784333555089086,0.00381568645859825,0.009690960059986375,0.005108744404586563,0.01452418662081492,0.03386977989885929,0.004301192854721667
Digits,Gradient Boosting,Raw,Feature masking,0.3,0.7893055555555556,0.8007020914117042,0.011396535856148688,0.0655185701408186,0.30688485790118275,0.6679693767339671,0.06619043408864396,0.013172944379019282,0.004554984554608052,0.013208008318879383,0.00930083148889214,0.018547543839562985,0.04194801874014151,0.007949062355358536
Digits,Gradient Boosting,Raw,Feature masking,0.4,0.6913888888888888,0.7435296159264814,0.05214072703759254,0.08949988612333061,0.43466172697488314,0.9684088704867401,0.13304190829280402,0.014240713262685245,0.0069850715873163004,0.014309732769035695,0.008455193080175496,0.016239021688575286,0.04401602640866495,0.009100279641540348
Digits,Gradient Boosting,Raw,Feature masking,0.5,0.6011111111111112,0.6945507811282605,0.09343967001714941,0.12261765440240405,0.5562444432361178,1.2738940545247959,0.21957477180208626,0.015801235342104814,0.009494185180615417,0.02005751878762981,0.015393128123512288,0.023228289241098144,0.05749065588546664,0.016021639837812036
Digits,Gradient Boosting,Raw,Gaussian noise,0.0,0.9650000000000001,0.9580762174828937,-0.006923782517106197,0.02102624503527335,0.05190329531641367,0.11394696487916041,0.0020067543697429913,0.00395770688589641,0.0027652438653467033,0.003657826356380153,0.0022589119200723384,0.005223779978741524,0.011334599303995435,0.00038457252102396314
Digits,Gradient Boosting,Raw,Gaussian noise,0.25,0.9406944444444445,0.9223458448220203,-0.01834859962242416,0.0329015751368552,0.08702268695668773,0.19080452186121272,0.005721152198321156,0.005547697805591975,0.0031463994133236767,0.004459633338789345,0.003040325534110744,0.00679032644479521,0.015270276806412627,0.000874454734734445
Digits,Gradient Boosting,Raw,Gaussian noise,0.5,0.8816666666666666,0.8569842058721328,-0.024682460794533893,0.04832360256003185,0.17601681514915374,0.3774565845422584,0.02323120392839466,0.006857224909778578,0.0036261613363778172,0.006336505394454273,0.004354132526066751,0.009623547104981558,0.02186370895797721,0.0024489396626122158
Digits,Gradient Boosting,Raw,Gaussian noise,1.0,0.6747222222222222,0.7284942495376934,0.05377202731547113,0.08472405270912763,0.4567697622499054,1.0092166028434,0.1465640818710305,0.010685691793085554,0.005496039870139383,0.009896634246275675,0.0066150506341376225,0.014005583699098871,0.034829702835643545,0.010038413909193678
Digits,Gradient Boosting,Raw,Gaussian noise,1.5,0.5181944444444444,0.6601634628805833,0.14196901843613874,0.15114504268107562,0.6641281310132403,1.5569391248280806,0.30739272131632234,0.01092089958557832,0.006599539398495002,0.012235934609547933,0.012132477448975361,0.016467147137116514,0.04695284134689645,0.015705914778179286
Digits,Gradient Boosting,Raw,Gaussian noise,2.0,0.3901388888888889,0.61740767947158,0.22726879058269117,0.2337665342638438,0.8263130615010322,2.018548967173866,0.46629430497086155,0.007774968059746899,0.006287505362967566,0.009701297045997908,0.009379997927065743,0.01123181257174518,0.03674772717545916,0.011640806410521249
Digits,Gradient Boosting,Temperature scaled,Feature masking,0.0,0.9650000000000001,0.967310205432864,0.0023102054328640264,0.020042090891258087,0.051436282493422504,0.11239686677363872,0.002004575760600099,0.00395770688589641,0.0036452934295736934,0.003407839129072165,0.00205238476423705,0.005442984109047854,0.012800056442259662,0.0003831019952262934
Digits,Gradient Boosting,Temperature scaled,Feature masking,0.1,0.9254166666666667,0.9308664137658665,0.005449747099199864,0.031939470401993485,0.11208931508209208,0.24385055898514357,0.009411373362487915,0.008164517261005894,0.005006376287974105,0.006863563146865023,0.0033568145274185278,0.010610587221296765,0.023147763069912973,0.0016772888797331456
Digits,Gradient Boosting,Temperature scaled,Feature masking,0.2,0.8609722222222222,0.8858486028305125,0.02487638060829031,0.053144816647499524,0.2054605119544916,0.45499122273015785,0.029421108513388344,0.010784333555089086,0.006835463505206722,0.010242076833497846,0.00706543989849896,0.01555605467554085,0.04074700547161231,0.004326795217804015
Digits,Gradient Boosting,Temperature scaled,Feature masking,0.3,0.7893055555555556,0.834449998425453,0.04514444286989742,0.07449427503190788,0.3092776961435531,0.6848900001932586,0.06575485091176647,0.013172944379019282,0.00780835767815675,0.0122892325190781,0.010909397389993396,0.019915008672071206,0.04905336202950001,0.008020382838182434
Digits,Gradient Boosting,Temperature scaled,Feature masking,0.4,0.6913888888888888,0.7839175873043847,0.0925286984154957,0.1076911849201823,0.4423039529340408,1.0129518296967117,0.13257429317158928,0.014240713262685245,0.012570410536260427,0.013793889152224433,0.012028318610525801,0.017236475771439743,0.054925624294380505,0.009147391394112291
Digits,Gradient Boosting,Temperature scaled,Feature masking,0.5,0.6011111111111112,0.7406395396069696,0.13952842849585845,0.1534094011869459,0.5693738333767143,1.346437057184661,0.2189202322203851,0.015801235342104814,0.01186821257135246,0.019068418537733133,0.016953049693753764,0.025640744161524898,0.07560115037483288,0.016114633750466543
Digits,Gradient Boosting,Temperature scaled,Gaussian noise,0.0,0.9650000000000001,0.967310205432864,0.0023102054328640264,0.020042090891258087,0.051436282493422504,0.11239686677363872,0.002004575760600099,0.00395770688589641,0.0036452934295736934,0.003407839129072165,0.00205238476423705,0.005442984109047854,0.012800056442259662,0.0003831019952262934
Digits,Gradient Boosting,Temperature scaled,Gaussian noise,0.25,0.9406944444444445,0.939737574083457,-0.0009568703609872831,0.02545512090786649,0.08570893570693357,0.18429430849603642,0.005671949296431955,0.005547697805591975,0.004622968991680438,0.004834993780520619,0.003058732200368581,0.007299463029389799,0.017864415178690956,0.0008902607514615188
Digits,Gradient Boosting,Temperature scaled,Gaussian noise,0.5,0.8816666666666666,0.8839478193647157,0.002281152698049016,0.039847354335735954,0.17402250697502475,0.37108014725073024,0.022984394131531263,0.006857224909778578,0.0074739884519063795,0.006720219619642864,0.004415183661489849,0.010299754326677601,0.025213959151143835,0.002455802088365459
Digits,Gradient Boosting,Temperature scaled,Gaussian noise,1.0,0.6747222222222222,0.770095506445661,0.09537328422343883,0.11279916059687822,0.4667930466154401,1.0543480819308875,0.14662960260044325,0.010685691793085554,0.010738066085007861,0.012587649924888696,0.009908932593144265,0.014410038987562759,0.037729429821923365,0.010045336182275674
Digits,Gradient Boosting,Temperature scaled,Gaussian noise,1.5,0.5181944444444444,0.7082716737857544,0.19007722934130994,0.1966378172053454,0.6863555504066859,1.6682198570768652,0.3076508632771724,0.01092089958557832,0.012699935191386728,0.014348252307370774,0.014538605296996951,0.016572069896841724,0.05952187010210452,0.01563982883907423
Digits,Gradient Boosting,Temperature scaled,Gaussian noise,2.0,0.3901388888888889,0.6684447572597911,0.2783058683709022,0.2833217130240483,0.860612284412845,2.192696561530114,0.4669085743440579,0.007774968059746899,0.013948383245666955,0.014209700436601119,0.013525096694969256,0.012743868749735645,0.053189140351337046,0.011472390238355026
Digits,Logistic Regression,Raw,Feature masking,0.0,0.9652777777777779,0.9489812131413491,-0.016296564636428684,0.027018197450197134,0.05262512564845819,0.11149903783233221,0.0019850210785398825,0.0033631464042161827,0.002842312388396695,0.0030685894305577327,0.0026835621598725497,0.004153297489878157,0.008052476037081365,0.0003929360132636044
Digits,Logistic Regression,Raw,Feature masking,0.1,0.9488888888888889,0.9285011246335259,-0.020387764255363088,0.031707793605312076,0.0782734409927642,0.1625456892518424,0.004910855551305772,0.00333753536313774,0.0038812290017253303,0.003616613622694871,0.0033998158737658115,0.00471747861285261,0.00995066621719835,0.0007000800863708589
Digits,Logistic Regression,Raw,Feature masking,0.2,0.9198611111111111,0.8950451156072461,-0.024815995503865006,0.04265879122264936,0.12075678046306366,0.25157054564566195,0.011199835968470528,0.0043317606607882,0.0034350330196628084,0.004694299592489782,0.003344497918211394,0.005262565924974654,0.010963189399317539,0.0016665577031722673
Digits,Logistic Regression,Raw,Feature masking,0.3,0.8834722222222222,0.8564112314047823,-0.027060990817440005,0.046588611447625876,0.17353309781161436,0.3533427278348821,0.024201191445188258,0.00669694622152195,0.0027812380417124197,0.005842370141971724,0.00375737345850829,0.0066277890966824965,0.012526586389349252,0.002624704524494538
Digits,Logistic Regression,Raw,Feature masking,0.4,0.8243055555555555,0.8040577357569934,-0.02024781979856229,0.05067992793542268,0.25268041358234483,0.516585616076448,0.05011111944229679,0.008525335383714139,0.004151897790845666,0.006920901457827514,0.004422172881585617,0.009320627490665478,0.01848860955592497,0.004358701057700412
Digits,Logistic Regression,Raw,Feature masking,0.5,0.765,0.7445111447877856,-0.020488855212214423,0.05555375952354186,0.3398896092668038,0.6954556760703113,0.09131102136541717,0.006800108931589359,0.005438949662865484,0.009460635455914254,0.0062838122408743115,0.007530301815661274,0.01344240152262701,0.005119219158697722
Digits,Logistic Regression,Raw,Gaussian noise,0.0,0.9652777777777779,0.9489812131413491,-0.016296564636428684,0.027018197450197134,0.05262512564845819,0.11149903783233221,0.0019850210785398825,0.0033631464042161827,0.002842312388396695,0.0030685894305577327,0.0026835621598725497,0.004153297489878157,0.008052476037081365,0.0003929360132636044
Digits,Logistic Regression,Raw,Gaussian noise,0.25,0.9558333333333333,0.9434855031198724,-0.012347830213460859,0.028236735220226634,0.06490955256961053,0.1349343654216053,0.0032145593692922817,0.004196852838638476,0.002620753449940053,0.0039447824206064845,0.0034120569900138466,0.004921746847506484,0.0098232824405149,0.0005836869393369064
Digits,Logistic Regression,Raw,Gaussian noise,0.5,0.9198611111111111,0.9249583068284254,0.005097195717314351,0.030779796780124064,0.11523681815702447,0.2307564013588363,0.010133859537217581,0.0054340470895346575,0.0021399279259821566,0.00434899669337594,0.003335825450297772,0.007025838082478212,0.015016974775197128,0.0012836618353781236
Digits,Logistic Regression,Raw,Gaussian noise,1.0,0.7833333333333333,0.8853043559686038,0.10197102263527043,0.10930426986158351,0.33416806088998324,0.8020832625504252,0.08008370574211826,0.007879856455024214,0.004016765741220074,0.006921237908273808,0.00598228352732177,0.011610220380880748,0.034475969434036746,0.006284627739363398
Digits,Logistic Regression,Raw,Gaussian noise,1.5,0.6222222222222222,0.8705429799384904,0.24832075771626821,0.25326839589408323,0.6111769405481511,1.8513150469902473,0.21847908741087135,0.012608512754965898,0.0032601716081865715,0.011666928570781032,0.011017854153908645,0.01914925993859044,0.06316550697526375,0.012749296071814744
Digits,Logistic Regression,Raw,Gaussian noise,2.0,0.4965277777777778,0.8752640179124679,0.37873624013469004,0.3813647104772498,0.8493408062636302,3.3694153187126106,0.3525591797994351,0.0106782067052734,0.00404581370184653,0.011447241895609507,0.01129064506324165,0.01971453740287549,0.12732899241898507,0.01375483788591176
Digits,Logistic Regression,Temperature scaled,Feature masking,0.0,0.9652777777777779,0.9598587841478867,-0.005418993629890995,0.021257786092351683,0.051879863363504655,0.10901464718426009,0.002007494881186101,0.0033631464042161827,0.004721436570442888,0.005056828829026816,0.002027634505400985,0.004452405307263089,0.009424890092700337,0.0003908221945138899
Digits,Logistic Regression,Temperature scaled,Feature masking,0.1,0.9488888888888889,0.9441116565488743,-0.0047772323400146425,0.02631108337060878,0.07742293915272332,0.1598225773335459,0.004911474115047884,0.00333753536313774,0.005897676199130157,0.005490929683811576,0.004164432360408355,0.004973917471585956,0.011693245883807976,0.0007036851665479389
Digits,Logistic Regression,Temperature scaled,Feature masking,0.2,0.9198611111111111,0.9163253042680406,-0.0035358068430704714,0.032404432056087416,0.12000810713407073,0.2493966934570596,0.011232018719431715,0.0043317606607882,0.008152088049251181,0.008493166191518669,0.003730859436127914,0.0059398611466579205,0.012803536954185131,0.001663053789726521
Digits,Logistic Regression,Temperature scaled,Feature masking,0.3,0.8834722222222222,0.8843877025486995,0.0009154803264773082,0.038965977485808725,0.17258598293480487,0.35212128557433797,0.02420629382217691,0.00669694622152195,0.010440149980130908,0.009745769847349216,0.004511803728857012,0.007266710760089856,0.013985843686728354,0.0026021647862034328
Digits,Logistic Regression,Temperature scaled,Feature masking,0.4,0.8243055555555555,0.8393071912392494,0.015001635683693736,0.05091888886210336,0.2538774500626376,0.5238028767417066,0.05006928410341556,0.008525335383714139,0.012393543448861783,0.013896923637575482,0.006469199201276951,0.010219769735308111,0.02287565617229336,0.00434402417130292
Digits,Logistic Regression,Temperature scaled,Feature masking,0.5,0.765,0.787241118911295,0.02224111891129494,0.06709420051375412,0.34266014043340454,0.7102029777760861,0.09101419324558291,0.006800108931589359,0.016848016288430415,0.019927388896966026,0.008430548552448295,0.008698349257006712,0.02024099004261592,0.005093457488088571
Digits,Logistic Regression,Temperature scaled,Gaussian noise,0.0,0.9652777777777779,0.9598587841478867,-0.005418993629890995,0.021257786092351683,0.051879863363504655,0.10901464718426009,0.002007494881186101,0.0033631464042161827,0.004721436570442888,0.005056828829026816,0.002027634505400985,0.004452405307263089,0.009424890092700337,0.0003908221945138899
Digits,Logistic Regression,Temperature scaled,Gaussian noise,0.25,0.9558333333333333,0.9554620675976675,-0.0003712657356657878,0.02493292289732335,0.06469761025454997,0.13454809869444367,0.0032287988086024504,0.004196852838638476,0.005300637833013055,0.005475571616056781,0.002988684732093226,0.0052859559654132166,0.01169524418990272,0.000571926998059499
Digits,Logistic Regression,Temperature scaled,Gaussian noise,0.5,0.9198611111111111,0.939332480645008,0.019471369533896866,0.036010026936290816,0.11727321353801848,0.242347560456427,0.010183986653845411,0.0054340470895346575,0.005378530794671427,0.006351196318069904,0.0033266458771652727,0.007570242756606189,0.018843838590041895,0.0012959493636432876
Digits,Logistic Regression,Temperature scaled,Gaussian noise,1.0,0.7833333333333333,0.9044777250545852,0.12114439172125183,0.12761235110848324,0.34441660609937036,0.920180064151699,0.0803339404994903,0.007879856455024214,0.0077323291916793655,0.01051598082714257,0.009941698927473987,0.013666850604891055,0.07128769820722564,0.0062353288286904505
Digits,Logistic Regression,Temperature scaled,Gaussian noise,1.5,0.6222222222222222,0.8909778869454673,0.26875566472324514,0.27283907954867936,0.6295018521651132,2.17244405961893,0.21897824767154375,0.012608512754965898,0.007341837319605967,0.01264582961754205,0.012029406176044187,0.01967215791822011,0.13052185731584995,0.012717121542671418
Digits,Logistic Regression,Temperature scaled,Gaussian noise,2.0,0.4965277777777778,0.8944006284103357,0.397872850632558,0.3999855866327216,0.8709784110336969,4.0272836953877595,0.3533230966065366,0.0106782067052734,0.008204365516502103,0.015112614753592038,0.015080242262145504,0.02384678962856589,0.3436745664251685,0.013818434256312082
Digits,Random Forest,Raw,Feature masking,0.0,0.9686111111111112,0.7277266922018752,-0.2408844189092359,0.24189120851160845,0.14278211326343568,0.3751500444901586,0.001508173046226137,0.003010681655138906,0.0038854662514532863,0.0029498359970016757,0.003099678832291107,0.0041146135999417435,0.007678852433441203,0.0002712388167195647
Digits,Random Forest,Raw,Feature masking,0.1,0.9534722222222222,0.626849815956805,-0.32662240626541716,0.32711797063931464,0.221452344445837,0.5397878565571973,0.003982850054467735,0.0048354997833363516,0.004585792667047258,0.005430068836532183,0.005323258447786586,0.004759036943858503,0.009106416519442042,0.0007691899596041249
Digits,Random Forest,Raw,Feature masking,0.2,0.9130555555555556,0.5344634223601917,-0.3785921331953638,0.3799699881336353,0.31493328013396954,0.7232550850679137,0.012971595117450612,0.007110764337305015,0.00358698842838806,0.0063861873268953855,0.006456497054250842,0.005104416339164015,0.010122814696312087,0.0019863048339443124
Digits,Random Forest,Raw,Feature masking,0.3,0.8558333333333333,0.4602320640346047,-0.39560126929872863,0.3960131202687463,0.40717047362583203,0.9017112948601401,0.03600617990652037,0.007303420740715915,0.003571812759124368,0.007302422250347305,0.007354345365341628,0.005028353323225105,0.01053432568096085,0.0030855602459896494
Digits,Random Forest,Raw,Feature masking,0.4,0.7590277777777777,0.39867661574080865,-0.36035116203696915,0.36051658090822125,0.5027017726683229,1.097842617270518,0.08871379542901878,0.00905770209194831,0.0034474289152841547,0.009503996940461881,0.00937911032253488,0.004442013944653268,0.009591132210516261,0.005989532378545859
Digits,Random Forest,Raw,Feature masking,0.5,0.6445833333333334,0.3536242738343545,-0.2909590594989788,0.29163354046286194,0.5920648397899682,1.2958427452886137,0.1804931851171684,0.01001942063188139,0.0030591287631845563,0.010312500722990262,0.010186212983407772,0.004530862533979451,0.01014070748534383,0.009274712768836041
Digits,Random Forest,Raw,Gaussian noise,0.0,0.9686111111111112,0.7277266922018752,-0.2408844189092359,0.24189120851160845,0.14278211326343568,0.3751500444901586,0.001508173046226137,0.003010681655138906,0.0038854662514532824,0.002949835997001675,0.003099678832291107,0.004114613599941744,0.007678852433441203,0.0002712388167195647
Digits,Random Forest,Raw,Gaussian noise,0.25,0.9579166666666667,0.6039930807574633,-0.3539235859092034,0.3543063852919194,0.23433939126273673,0.5706002605555553,0.0031969013014970086,0.004331760660788193,0.00345737881504903,0.003980158027118144,0.0040062223838477715,0.004021651140492683,0.007508747816468298,0.0006798201022297272
Digits,Random Forest,Raw,Gaussian noise,0.5,0.9273611111111111,0.5010850447061707,-0.4262760664049405,0.42673317619330026,0.34094050750704247,0.7768125400943562,0.011216448413907577,0.0071126838310199055,0.0033611580699912215,0.006587645371157147,0.006516466526558327,0.004967843769094139,0.008762763433652697,0.001848780491158675
Digits,Random Forest,Raw,Gaussian noise,1.0,0.7893055555555556,0.36286579227461346,-0.4264397632809421,0.42651170772538655,0.5316426763266738,1.1696363692509888,0.07491746261545401,0.009596303283668698,0.0027776152879306743,0.00910434823543939,0.009078857418173509,0.004327288620111612,0.008560660989403954,0.006176636247371916
Digits,Random Forest,Raw,Gaussian noise,1.5,0.6281944444444444,0.2976460141778003,-0.33054843026664416,0.33069402285923677,0.6536957166818385,1.462350547597767,0.20092841495391883,0.009797412751394244,0.002840495012976614,0.009766696394388784,0.009759681201470721,0.004624785907427698,0.011223751936669244,0.00988709185732927
Digits,Random Forest,Raw,Gaussian noise,2.0,0.48708333333333337,0.2636598386396171,-0.2234234946937162,0.2235647632122347,0.7328298409617888,1.6829151510591818,0.34210665956209085,0.011068471619993392,0.0018319668124527242,0.011757653153766864,0.011805021507885503,0.0025932069962094667,0.008437641114178704,0.010422597366540134
Digits,Random Forest,Temperature scaled,Feature masking,0.0,0.9686111111111112,0.9687014799774888,9.036886637771024e-05,0.018475809452054077,0.04516884432432262,0.09045190308982218,0.0013334118465584215,0.003010681655138906,0.0033613883054965745,0.0030550919970245847,0.002030915881413922,0.0038197060352650634,0.008771519559636683,0.00024072823205766055
Digits,Random Forest,Temperature scaled,Feature masking,0.1,0.9534722222222222,0.9504093745789601,-0.003062847643262068,0.02595340331394299,0.06892435309113898,0.14102978060031446,0.0035161245227534796,0.0048354997833363516,0.005108558548715458,0.005810780177810239,0.003054180360061447,0.005713956508496262,0.010309791996594824,0.0005572955090270382
Digits,Random Forest,Temperature scaled,Feature masking,0.2,0.9130555555555556,0.9151182604481709,0.002062704892615419,0.03341788536275184,0.12354567368573163,0.24656929165878352,0.011331229928249786,0.007110764337305015,0.007876589122125858,0.007011802170768602,0.0038404656877726803,0.008343809158245459,0.017618311657462235,0.0016581433894627413
Digits,Random Forest,Temperature scaled,Feature masking,0.3,0.8558333333333333,0.8704014304253942,0.014568097092060955,0.04400194552297998,0.2068674039323552,0.4035857176587984,0.03177352846685559,0.007303420740715915,0.009521705381504965,0.009473453236729993,0.005114087131183387,0.00900191361325602,0.019430345180528767,0.0027773063331647304
Digits,Random Forest,Temperature scaled,Feature masking,0.4,0.7590277777777777,0.8234749879193286,0.0644472101415508,0.0800473792334615,0.34222288984729554,0.681317849376939,0.0850730496701376,0.00905770209194831,0.010323810333384637,0.013109841996689386,0.010017449309857207,0.010525810688908245,0.020075439892995837,0.004909746202610057
Digits,Random Forest,Temperature scaled,Feature masking,0.5,0.6445833333333334,0.7830974310542619,0.13851409772092854,0.15173763054636696,0.5127820842115685,1.0709774269324028,0.18402364014148137,0.01001942063188139,0.014548607349704985,0.015326779797265377,0.01440128296016773,0.013829989191168275,0.0419377014108365,0.009254936217747565
Digits,Random Forest,Temperature scaled,Gaussian noise,0.0,0.9686111111111112,0.9687014799774888,9.036886637771024e-05,0.018475809452054077,0.04516884432432262,0.09045190308982218,0.0013334118465584215,0.003010681655138906,0.0033613883054965745,0.0030550919970245847,0.0020309158814139226,0.003819706035265062,0.008771519559636683,0.00024072823205766055
Digits,Random Forest,Temperature scaled,Gaussian noise,0.25,0.9579166666666667,0.9498201150128093,-0.008096551653857403,0.024032765148542624,0.06068648374608211,0.1292509741942877,0.002845087638927096,0.004331760660788193,0.004938794253461227,0.004939635060551226,0.003176991183069732,0.005367012042266263,0.00998715122416968,0.0005644320652036865
Digits,Random Forest,Temperature scaled,Gaussian noise,0.5,0.9273611111111111,0.9085765083623016,-0.018784602748809533,0.03711570628327663,0.11168184559602272,0.2255879993513966,0.009387734612335615,0.0071126838310199055,0.007889224260398129,0.00883286001715338,0.005202242292714404,0.00883751802917727,0.015840239119722613,0.0015541375150201352
Digits,Random Forest,Temperature scaled,Gaussian noise,1.0,0.7893055555555556,0.799339101062773,0.010033545507217412,0.052795160182735376,0.30039177313789056,0.6341121802722711,0.06752470137656263,0.009596303283668698,0.013242807211224852,0.015948965120878348,0.006618816224567406,0.010893298539391865,0.021064035133682577,0.005720325311591441
Digits,Random Forest,Temperature scaled,Gaussian noise,1.5,0.6281944444444444,0.7120974302457522,0.08390298580130784,0.09895543104765409,0.5214636225882521,1.158091896477407,0.19573820211394372,0.009797412751394244,0.015477359772196407,0.01448096638540307,0.011529532920471881,0.011072063576480919,0.03244053699544637,0.009614656212503372
Digits,Random Forest,Temperature scaled,Gaussian noise,2.0,0.48708333333333337,0.6523421860363745,0.16525885270304125,0.17075122847868013,0.7017025735849439,1.672335105898523,0.3444551806700906,0.011068471619993392,0.01774227135982612,0.02129914742753913,0.01994566833913463,0.012918991113775322,0.06313741202795965,0.009895982055814169
Wine,Gradient Boosting,Raw,Feature masking,0.0,0.9680555555555556,0.9634745713362959,-0.004580984219259681,0.04798574702208279,0.05126204490972234,0.09461359008818664,0.002839593796362665,0.009894267214741032,0.004860114087953501,0.008920460683480624,0.006819966320903804,0.011831555228111098,0.021357560266831246,0.0013721978854395697
Wine,Gradient Boosting,Raw,Feature masking,0.1,0.9402777777777777,0.9468403016238336,0.006562523846055807,0.06566456875651505,0.086581929389941,0.1559215474305332,0.007106627113929514,0.014391101457831196,0.007038714070699158,0.012013080162898572,0.008826036047403512,0.01868956405982907,0.032784841884569565,0.002799067209026683
Wine,Gradient Boosting,Raw,Feature masking,0.2,0.9125,0.9252627572810358,0.012762757281035875,0.08121046590541425,0.12504751737821024,0.22328826425766946,0.012873796775365747,0.01492329858998063,0.013134637593714731,0.014337327853405683,0.008077074150979248,0.01593917015861917,0.02800937247866182,0.003653723387125554
Wine,Gradient Boosting,Raw,Feature masking,0.3,0.8666666666666666,0.9045407832446897,0.03787411657802294,0.11587216852308954,0.19363700157451444,0.3409753355385033,0.029442237192333916,0.022895303705648427,0.011148792821343833,0.02301664767196781,0.020200657460241484,0.032664618122682655,0.05457297593431661,0.00823083004626384
Wine,Gradient Boosting,Raw,Feature masking,0.4,0.8416666666666666,0.874594208847763,0.032927542181096295,0.12756201187170013,0.22574296880084424,0.40175607793808066,0.04083899060432476,0.029846597179961264,0.013157276458880892,0.034362364278322725,0.015569452112982048,0.03562914442726344,0.06361023252857913,0.010379112126006845
Wine,Gradient Boosting,Raw,Feature masking,0.5,0.7888888888888889,0.8465890404320138,0.05770015154312484,0.14925936233686626,0.31136941438186067,0.5624084565678595,0.0800844136011278,0.03671416381400241,0.014141944416462911,0.03711767387301541,0.02602056252949885,0.04727733818509051,0.08148480835375227,0.01981762514244722
Wine,Gradient Boosting,Raw,Gaussian noise,0.0,0.9680555555555556,0.9634745713362959,-0.004580984219259681,0.04798574702208279,0.05126204490972234,0.09461359008818664,0.002839593796362665,0.009894267214741032,0.004860114087953501,0.008920460683480624,0.006819966320903804,0.011831555228111098,0.021357560266831246,0.0013721978854395697
Wine,Gradient Boosting,Raw,Gaussian noise,0.25,0.951388888888889,0.9539037867746236,0.0025148978857348183,0.05923121715811439,0.07487378389246739,0.13868793683577618,0.006580982804238636,0.01417262803135466,0.008159194418965109,0.01368929766375528,0.009984906691749675,0.019679180422205355,0.03662637177063218,0.003215378222797823
Wine,Gradient Boosting,Raw,Gaussian noise,0.5,0.8902777777777778,0.9387125299327156,0.048434752154937796,0.10014634055280787,0.1755842239373924,0.3305303708548881,0.02953474559100482,0.022852676031908447,0.007658658720851198,0.02410097930360971,0.01808008413167013,0.035297085346218456,0.07361985097233378,0.011914912521755226
Wine,Gradient Boosting,Raw,Gaussian noise,1.0,0.7527777777777778,0.89204162143237,0.13926384365459227,0.18571216624921483,0.3773776203258276,0.7289221681695566,0.11799003391216449,0.03947839737944188,0.01045659692115777,0.038315592695574704,0.02803530985515497,0.055344074921468006,0.11896768057720533,0.03128998566384881
Wine,Gradient Boosting,Raw,Gaussian noise,1.5,0.6513888888888888,0.8677178001981108,0.216328911309222,0.2509743100880552,0.5449212371311487,1.157121165636216,0.21516530283694277,0.030460988696341985,0.011231278707744808,0.03185564656693671,0.027376989077782084,0.042780201017398156,0.10487149500616659,0.021870915946557535
Wine,Gradient Boosting,Raw,Gaussian noise,2.0,0.5722222222222222,0.8468436290037212,0.2746214067814991,0.3159913887294197,0.6752356887977032,1.5115604059647731,0.3324325888159513,0.04387673975010124,0.011909418611066813,0.04109803310881164,0.03699130331355986,0.07224614829388373,0.1775812828626025,0.047708301010592896
Wine,Gradient Boosting,Temperature scaled,Feature masking,0.0,0.9680555555555556,0.9788047507805258,0.010749195224970193,0.03809524599367199,0.05433394449685376,0.23195249593957407,0.008843239016430072,0.009894267214741032,0.008102090711462877,0.009943997985252752,0.008116620607576591,0.013285968862729113,0.11909170566951473,0.006734889326344851
Wine,Gradient Boosting,Temperature scaled,Feature masking,0.1,0.9402777777777777,0.9688123661588047,0.02853458838102691,0.060572341956109145,0.09789002850294715,0.4106722538645259,0.015059921086616704,0.014391101457831196,0.011820956671513285,0.015686711943526836,0.01114335621773212,0.02266250580222364,0.1865016587325423,0.00715143557024299
Wine,Gradient Boosting,Temperature scaled,Feature masking,0.2,0.9125,0.9590655098312307,0.04656550983123077,0.07768302771443014,0.13994138583051458,0.497240166923065,0.014078711385834691,0.01492329858998063,0.017295136864070783,0.01728844595858944,0.011668102333028096,0.02174449557082548,0.18443108577001763,0.00439863915156267
Wine,Gradient Boosting,Temperature scaled,Feature masking,0.3,0.8666666666666666,0.9475213656075707,0.08085469894090412,0.12300233819419379,0.2267599375377881,1.0447468653904872,0.04043027872877525,0.022895303705648427,0.02049590639822715,0.03160505950529969,0.022761305447977265,0.04214277334600851,0.4402432625307877,0.012279547631531721
Wine,Gradient Boosting,Temperature scaled,Feature masking,0.4,0.8416666666666666,0.9283796219119791,0.08671295524531245,0.13719656279222642,0.26061826810304856,1.0912376525899945,0.05291628241969387,0.029846597179961264,0.023540376509610484,0.038736590197653874,0.024318347568251342,0.04960949529964752,0.519196883227899,0.02019970018202469
Wine,Gradient Boosting,Temperature scaled,Feature masking,0.5,0.7888888888888889,0.9149704305082841,0.12608154161939525,0.1746663137296147,0.3548529129726354,1.6595085691929505,0.08605485734784266,0.03671416381400241,0.030218301364912492,0.04358660505562691,0.03317976272923718,0.0621032184791825,0.7490819628876083,0.022168566397262078
Wine,Gradient Boosting,Temperature scaled,Gaussian noise,0.0,0.9680555555555556,0.9788047507805258,0.010749195224970193,0.03809524599367199,0.05433394449685376,0.23195249593957407,0.008843239016430072,0.009894267214741032,0.008102090711462877,0.009943997985252752,0.008116620607576591,0.013285968862729113,0.11909170566951473,0.006734889326344851
Wine,Gradient Boosting,Temperature scaled,Gaussian noise,0.25,0.951388888888889,0.9729331470343746,0.021544258145485773,0.05628167781127351,0.083201582731637,0.28849789260841346,0.009080410984190952,0.01417262803135466,0.011235677177626772,0.014874528573886275,0.01395414787592816,0.023216289583986784,0.13985364716076146,0.005470844516834989
Wine,Gradient Boosting,Temperature scaled,Gaussian noise,0.5,0.8902777777777778,0.9658705624215325,0.07559278464375471,0.10419283026268647,0.1930825758615671,0.9151737531693371,0.03976561908870526,0.022852676031908447,0.013369222554128715,0.025851946871959484,0.01841559986100328,0.03763897414572145,0.36913785809714045,0.017381484067716144
Wine,Gradient Boosting,Temperature scaled,Gaussian noise,1.0,0.7527777777777778,0.9371213131749926,0.18434353539721476,0.2136372859477703,0.4296063265719264,2.2191913200941285,0.1360413840304531,0.03947839737944188,0.02303846827847577,0.04541929293868973,0.03876020617039812,0.0714235852478046,0.9714265112826843,0.03327687692831703
Wine,Gradient Boosting,Temperature scaled,Gaussian noise,1.5,0.6513888888888888,0.9294002336658375,0.27801134477694867,0.29702291591585184,0.6040953126989429,3.590043983913904,0.23443089363160546,0.030460988696341985,0.02357075202551354,0.03751237218702685,0.03490200903001628,0.060620581509740444,1.493839316701779,0.039598568984174194
Wine,Gradient Boosting,Temperature scaled,Gaussian noise,2.0,0.5722222222222222,0.9093126276293043,0.3370904054070821,0.3647193653053954,0.7361172358008646,4.49970673640769,0.3554594699140487,0.04387673975010124,0.031246379452455893,0.05159670057083511,0.04416531357604761,0.08365427657090341,1.7845002999588546,0.04881019322085685
Wine,Logistic Regression,Raw,Feature masking,0.0,0.9777777777777779,0.9440136233847317,-0.033764154393046024,0.055324394006681744,0.03825549283289687,0.07891567871301394,0.001033573362004735,0.010147258821890805,0.006307568762797516,0.01039376035510856,0.00664116026860971,0.009121356303971696,0.011738916822749591,0.0006115395506553069
Wine,Logistic Regression,Raw,Feature masking,0.1,0.9722222222222221,0.9310263756752615,-0.041195846546960666,0.06692558027867784,0.04570327965644728,0.09612575332873334,0.001316290826094748,0.009675031670065176,0.006941306938847785,0.008941482117992854,0.006413502234280343,0.008429768425422103,0.012343670840606563,0.0005971890298575638
Wine,Logistic Regression,Raw,Feature masking,0.2,0.961111111111111,0.9054030586255888,-0.05570805248552239,0.08677425984640595,0.07344491790609745,0.14636635414713417,0.003918549341482503,0.014458697421417562,0.008410196515070125,0.014917347852180582,0.008690263697997393,0.012712437821883917,0.017916389628170614,0.002228166152181239
Wine,Logistic Regression,Raw,Feature masking,0.3,0.9194444444444445,0.8775490327271627,-0.04189541171728187,0.09887675949346186,0.11518783717286711,0.21384671101596595,0.01453283981197034,0.017171477779236336,0.010036718634391366,0.012618283914023882,0.008987299815811926,0.01963522623624492,0.031810164470335835,0.007134372216695684
Wine,Logistic Regression,Raw,Feature masking,0.4,0.8958333333333334,0.8490532210134841,-0.04678011231984926,0.11588530863141888,0.15184396382353973,0.27376129494225,0.01846263940425668,0.01969964113756054,0.011485275314135172,0.02071928252821676,0.010523884018118544,0.02001911371068619,0.030051107361444108,0.00628783938251335
Wine,Logistic Regression,Raw,Feature masking,0.5,0.8541666666666666,0.80052897939988,-0.05363768726678666,0.12406554981188975,0.21390019959329404,0.38419143174906456,0.0398847238183739,0.023325656631913737,0.010091544394782511,0.023490495924565598,0.01292598448824474,0.0234432160944058,0.040741511578325604,0.01213019840693034
Wine,Logistic Regression,Raw,Gaussian noise,0.0,0.9777777777777779,0.9440136233847317,-0.033764154393046024,0.055324394006681744,0.03825549283289687,0.07891567871301394,0.001033573362004735,0.010147258821890805,0.006307568762797516,0.01039376035510856,0.00664116026860971,0.009121356303971696,0.011738916822749591,0.0006115395506553069
Wine,Logistic Regression,Raw,Gaussian noise,0.25,0.9694444444444444,0.9454924457788305,-0.023951998665613837,0.05971334002330486,0.04597982546941305,0.09020519307099724,0.0017687635870846658,0.012427803200793812,0.0065793768279065355,0.011948659711029565,0.007661226740911725,0.01208791907742343,0.016495431749353834,0.0008569059913372915
Wine,Logistic Regression,Raw,Gaussian noise,0.5,0.9444444444444444,0.9320811737964039,-0.012363270648040487,0.06831042706931538,0.07589785153768587,0.13462205000748817,0.005494804619354551,0.014241261014027371,0.007232021710552373,0.013770065512869478,0.005799313471819937,0.01399952497592363,0.02176425273501644,0.00239271575524496
Wine,Logistic Regression,Raw,Gaussian noise,1.0,0.8569444444444445,0.9112617019674453,0.05431725752300083,0.1232870859195507,0.21889149062588603,0.3947333610740334,0.04215269957522107,0.027157672006229115,0.007983762209674033,0.025243635730442065,0.01696630702586959,0.035266788343802286,0.06767343590627604,0.011837460752859416
Wine,Logistic Regression,Raw,Gaussian noise,1.5,0.7666666666666667,0.9101248996816436,0.14345823301497682,0.1850192101043037,0.3668993534274688,0.8036779394494159,0.1006304978009667,0.028040905792445784,0.009324016071769286,0.026037609699781725,0.022293054331503203,0.039348516932681245,0.11322486885386943,0.017165596730997483
Wine,Logistic Regression,Raw,Gaussian noise,2.0,0.6805555555555556,0.921373446426129,0.24081789087057343,0.28082859270498733,0.539288111925206,1.548237310750924,0.1897229592640911,0.0283452560627093,0.010772337160250257,0.02550542387115564,0.028431669959339483,0.05028778457340156,0.20386791551868047,0.03146931203271029
Wine,Logistic Regression,Temperature scaled,Feature masking,0.0,0.9777777777777779,0.9835553695295618,0.0057775917517839115,0.029527023940471103,0.03528737229282745,0.10306791407017708,0.0009530411491195809,0.010147258821890805,0.007896825722773787,0.010285998515674973,0.010576494447107876,0.015158492666774218,0.06291201655186393,0.0006062496145355463
Wine,Logistic Regression,Temperature scaled,Feature masking,0.1,0.9722222222222221,0.9788795836376041,0.006657361415381852,0.03435645111380743,0.04384762869122927,0.16471011371798283,0.0012345207443246664,0.009675031670065176,0.009826638587222998,0.012239161105514137,0.010433407083665148,0.015935663391606906,0.10001580577093934,0.0005818431992590402
Wine,Logistic Regression,Temperature scaled,Feature masking,0.2,0.961111111111111,0.9707395158393091,0.009628404728197943,0.04477413852967752,0.06418097562928377,0.2602017607040872,0.007294412776295588,0.014458697421417562,0.017382521285951455,0.014618811471629167,0.012401784774937034,0.01981454851858471,0.16389215783797875,0.005821970654050046
Wine,Logistic Regression,Temperature scaled,Feature masking,0.3,0.9194444444444445,0.9575403539361977,0.038095909491753205,0.07933959353806239,0.13232972735397414,0.6586820617499213,0.017360505671568174,0.017171477779236336,0.018747391161139933,0.025643064048823334,0.012289473907840543,0.031561031956463204,0.2790938233625071,0.009030248034991646
Wine,Logistic Regression,Temperature scaled,Feature masking,0.4,0.8958333333333334,0.9483284746277374,0.052495141294404093,0.11268017124353095,0.18482515876364158,0.8010012651580078,0.01942279290865636,0.01969964113756054,0.023652689678604684,0.033967646490278086,0.01802822199695203,0.03680153753119879,0.3470877563630467,0.006232367778302327
Wine,Logistic Regression,Temperature scaled,Feature masking,0.5,0.8541666666666666,0.9333077501294575,0.07914108346279075,0.1269655089246962,0.24359989220369355,1.1335899268461378,0.04260809161797545,0.023325656631913737,0.02854086320814591,0.034959312136027536,0.016826842770785472,0.036619899174436976,0.4447981644146332,0.012121136279772704
Wine,Logistic Regression,Temperature scaled,Gaussian noise,0.0,0.9777777777777779,0.9835553695295618,0.0057775917517839115,0.029527023940471103,0.03528737229282745,0.10306791407017708,0.0009530411491195809,0.010147258821890805,0.007896825722773787,0.010285998515674973,0.010576494447107876,0.015158492666774218,0.06291201655186393,0.0006062496145355463
Wine,Logistic Regression,Temperature scaled,Gaussian noise,0.25,0.9694444444444444,0.9854137783722621,0.015969333927817592,0.034970562201783316,0.05077784038483117,0.22029151454552903,0.0017293140034877863,0.012427803200793812,0.007912839150940567,0.012937768500267873,0.01184847995658321,0.020804616239873626,0.18088448169389268,0.000814736927651015
Wine,Logistic Regression,Temperature scaled,Gaussian noise,0.5,0.9444444444444444,0.9791884687803905,0.034744024335946054,0.05629014170177578,0.08962318522888964,0.5043840564387613,0.012679775821358708,0.014241261014027371,0.009726696565127098,0.016872985735230755,0.010365164963536838,0.022203412035900646,0.2325997762868894,0.008854285967688672
Wine,Logistic Regression,Temperature scaled,Gaussian noise,1.0,0.8569444444444445,0.9704094231482332,0.11346497870378876,0.14197468093547466,0.2638465343619328,1.819541131272252,0.0708993085229993,0.027157672006229115,0.013720548964672917,0.033898889962828936,0.024042270151655155,0.04983193951588533,0.6743326046273317,0.023889862454922264
Wine,Logistic Regression,Temperature scaled,Gaussian noise,1.5,0.7666666666666667,0.9746877817421685,0.2080211150755019,0.2241702135229729,0.4353676425773152,3.2708204946351933,0.12789739622688634,0.028040905792445784,0.010336221353761844,0.0314148961959217,0.02970691381478836,0.05789745330535523,1.0851742767618056,0.03333991121711317
Wine,Logistic Regression,Temperature scaled,Gaussian noise,2.0,0.6805555555555556,0.9768294811060354,0.29627392555047993,0.30649113303536046,0.6061944126536954,5.007811182606016,0.2267979621579118,0.0283452560627093,0.009787582517315308,0.02718132764972679,0.025765736072997474,0.05252808752889423,1.2837719606193985,0.04253278919442889
Wine,Random Forest,Raw,Feature masking,0.0,0.976388888888889,0.8561941247794442,-0.12019476410944471,0.13089293871261934,0.07744045922590082,0.1808908735366616,0.0016837914940875886,0.00816666666666667,0.008766470444870242,0.012154023733021014,0.010950780317568888,0.006589355147723948,0.011513396643915147,0.0007531666763500708
Wine,Random Forest,Raw,Feature masking,0.1,0.9638888888888889,0.8157201984126348,-0.14816869047625422,0.160335480599711,0.10749282324466272,0.23714546196084707,0.0030569085234944905,0.011915093817874846,0.008862186111966886,0.012255105586282263,0.010973322689724976,0.009200699266435358,0.014357602160779394,0.0015650095787187674
Wine,Random Forest,Raw,Feature masking,0.2,0.9444444444444444,0.7643276631393003,-0.18011678130514405,0.19746043209879488,0.1505464783648705,0.3127332837463495,0.007254928140330882,0.01675764641739085,0.013750829675357085,0.015035173348467667,0.011361923171693242,0.015021453688663403,0.022511911008930418,0.0032674324898981128
Wine,Random Forest,Raw,Feature masking,0.3,0.9055555555555556,0.7237688977072161,-0.18178665784833953,0.2040641446208263,0.20315185007742684,0.392854042374744,0.019672630334016436,0.018271897772621348,0.012129590484455815,0.01569175935389233,0.01443918800484144,0.01430042544779678,0.021152520374739806,0.004326750448349925
Wine,Random Forest,Raw,Feature masking,0.4,0.8694444444444445,0.6917608708112793,-0.17768357363316511,0.2095152711640293,0.24776787152000254,0.46516483113803514,0.030690543157778645,0.019788534429482044,0.011053124520913012,0.019649285761037402,0.017371056454886995,0.014332311254458632,0.021246954039093848,0.006976530780897841
Wine,Random Forest,Raw,Feature masking,0.5,0.8208333333333334,0.6346975396825383,-0.18613579365079502,0.24482391534391668,0.3166607226680175,0.5751494060521058,0.05577167788758919,0.03292236669378353,0.011322551049631906,0.03354076890017208,0.022903580306212985,0.018874083250783113,0.027216876389655,0.011622280981534257
Wine,Random Forest,Raw,Gaussian noise,0.0,0.976388888888889,0.8561941247794442,-0.12019476410944471,0.13089293871261934,0.07744045922590082,0.1808908735366616,0.0016837914940875886,0.00816666666666667,0.008766470444870233,0.012154023733021,0.01095078031756889,0.006589355147723947,0.011513396643915154,0.0007531666763500708
Wine,Random Forest,Raw,Gaussian noise,0.25,0.9555555555555555,0.8317963007054029,-0.12375925485015264,0.14322057760147544,0.10086033251960873,0.2212645267316637,0.0052906846152994316,0.014988494612876721,0.008963278907048684,0.015084394951781857,0.01085176645235051,0.011730771139076083,0.017020099321319117,0.0027447399015733155
Wine,Random Forest,Raw,Gaussian noise,0.5,0.9152777777777776,0.7808197134038335,-0.13445806437394428,0.16046285273372407,0.16065539410245852,0.31543293776394554,0.017023119533730043,0.01954061015153357,0.011189379012369606,0.01882577427900688,0.014027538832041912,0.015164700599616637,0.021435808154617732,0.006383370188016469
Wine,Random Forest,Raw,Gaussian noise,1.0,0.8125,0.6786139726631266,-0.13388602733687338,0.18722306437390324,0.31009159115532386,0.5399502984824088,0.0881023865622466,0.027329467111153062,0.010998401469277547,0.030342045785198026,0.02111387712086584,0.02380728481037446,0.031520187030312445,0.0231487447559345
Wine,Random Forest,Raw,Gaussian noise,1.5,0.7041666666666667,0.6241665630511377,-0.08000010361552899,0.17186738315697522,0.42405276689350246,0.7147404202166687,0.1891829540619465,0.031169772911265034,0.010599947802244911,0.028380451463797595,0.015991600377415576,0.019808032060416148,0.03092439440972605,0.028044331459860385
Wine,Random Forest,Raw,Gaussian noise,2.0,0.6138888888888889,0.6016818187830625,-0.012207070105826463,0.17214709215167542,0.5033968078743684,0.8492103476649394,0.2690952075619895,0.03302291129754162,0.013856208335837554,0.02713194081824974,0.01812586773633784,0.02497450578291626,0.04166676136703989,0.028931330966289838
Wine,Random Forest,Temperature scaled,Feature masking,0.0,0.976388888888889,0.988170474302437,0.011781585413548058,0.028031285850809044,0.04393866867644379,0.14750758723937615,0.00147420396283853,0.00816666666666667,0.005918686715710373,0.009184378837265623,0.008322929399172533,0.013613245629641155,0.061435527156787934,0.0007094843507836893
Wine,Random Forest,Temperature scaled,Feature masking,0.1,0.9638888888888889,0.982398039405194,0.018509150516305056,0.04168808130672262,0.06574823069801719,0.22007052504527208,0.003048388019979549,0.011915093817874846,0.007708496025466776,0.014807066137244182,0.010807723139766112,0.02245798272553223,0.10063353704395459,0.0015475292198949531
Wine,Random Forest,Temperature scaled,Feature masking,0.2,0.9444444444444444,0.9721509774651611,0.027706533020716635,0.05784747986235288,0.09207236765422008,0.27247303017084695,0.00679143477207655,0.01675764641739085,0.01254926750339211,0.021019301928272838,0.01621493683463817,0.032001783766768564,0.13507230227037437,0.0037880810929008814
Wine,Random Forest,Temperature scaled,Feature masking,0.3,0.9055555555555556,0.9619364081248072,0.05638085256925167,0.0887220450779386,0.15479424932422406,0.6291992361235801,0.018252933174794997,0.018271897772621348,0.0173150580874807,0.02103051243301178,0.014606874205968859,0.028979393891462788,0.18851163499572282,0.005034464248939205
Wine,Random Forest,Temperature scaled,Feature masking,0.4,0.8694444444444445,0.9561082552190289,0.08666381077458454,0.12113821831373266,0.22330085689061496,0.9547830899581916,0.02972508839970909,0.019788534429482044,0.018599736255945576,0.03047679558436968,0.019854673942219157,0.04003618104715606,0.2840394887112062,0.006906520158134828
Wine,Random Forest,Temperature scaled,Feature masking,0.5,0.8208333333333334,0.9366560915317402,0.11582275819840686,0.15757156306508505,0.3002175303698068,1.3485949542506197,0.05697161311919511,0.03292236669378353,0.02594586112424689,0.04290903446732394,0.028881431884734177,0.05878424263412685,0.4709402375157816,0.012132294942337172
Wine,Random Forest,Temperature scaled,Gaussian noise,0.0,0.976388888888889,0.9881704743024369,0.01178158541354804,0.02803128585080905,0.04393866867644379,0.14750758723937615,0.00147420396283853,0.00816666666666667,0.005918686715710373,0.009184378837265632,0.008322929399172533,0.013613245629641151,0.061435527156787934,0.0007094843507836893
Wine,Random Forest,Temperature scaled,Gaussian noise,0.25,0.9555555555555555,0.984611925725735,0.029056370170179487,0.04848728914058493,0.07763529354837113,0.27454948560744363,0.004417302152119213,0.014988494612876721,0.007825120058443161,0.017293372714156482,0.012735112681929344,0.0246419454145571,0.12046628693200857,0.002505531703771143
Wine,Random Forest,Temperature scaled,Gaussian noise,0.5,0.9152777777777776,0.9759878929670844,0.060710115189306676,0.08619551564877745,0.15100185123580387,0.6814679937442623,0.014544579703755667,0.01954061015153357,0.01215111141142738,0.02565126909686267,0.012784422297953447,0.02880677135149915,0.24654638125510814,0.0056907884831838805
Wine,Random Forest,Temperature scaled,Gaussian noise,1.0,0.8125,0.9501200801840565,0.13762008018405641,0.17229026486220653,0.3312520667578161,1.7438539413813179,0.08608168576320642,0.027329467111153062,0.02269014720130134,0.040180382829025266,0.027412424823388463,0.05409483454680986,0.5545723248552669,0.022390967843352778
Wine,Random Forest,Temperature scaled,Gaussian noise,1.5,0.7041666666666667,0.9271273176305593,0.2229606509638927,0.266506501794305,0.5248693330345034,2.810034050881582,0.18416312143114236,0.031169772911265034,0.029159028141575293,0.04653982202591564,0.03284119086590502,0.05702123050581001,0.7227019042130808,0.029655089463708827
Wine,Random Forest,Temperature scaled,Gaussian noise,2.0,0.6138888888888889,0.917303622815394,0.30341473392650514,0.34211992969699734,0.6746998936179237,3.7905330426557087,0.2715564779919347,0.03302291129754162,0.035575052279306164,0.04024642214733472,0.03576512689989159,0.06183712992253214,0.9217198833101798,0.02907020303418892
